"tel","email","password_hash","gender","birth_date","first_name","last_name","province","district","sub_district","street_name","zip_code"
"0123456789","dr.narongdech@gmail.com","2110252","Male","1980-12-10","Narongdech","Keeratipranon","Bangkok","Pathum Wan","Siam","Rama I Rd","10330"
"0223456789","dr.michael@gmail.com","hashed_password7","Male","1988-03-30","Michael","Davis","Chiang Rai","Mueang","Sukhumvit","Soi 10","57000"
"0623456789","dr.charlie@gmail.com","hashed_password3","Male","1980-12-10","Charlie","Brown","Bangkok","Pathum Wan","Siam","Rama I Rd","10330"
"0723456789","dr.diana@gmail.com","hashed_password4","Female","1985-07-22","Diana","Miller","Chiang Mai","Mueang","Huay Kaew","Soi 8","50200"
"0812345678","alice@gmail.com","hashed_password1","Female","1995-06-15","Alice","Smith","Bangkok","Chatuchak","Ladprao","Soi 5","10900"
"0823456789","dr.james@gmail.com","hashed_password5","Male","1990-02-15","James","Smith","Phuket","Mueang","Patong","Nanai Rd","83150"
"0912345678","bob@gmail.com","hashed_password2","Male","1988-02-20","Bob","Johnson","Chiang Mai","Mueang","Nimmanhaemin","Soi 2","50200"
"0923456789","dr.susan@gmail.com","hashed_password6","Female","1992-10-05","Susan","Johnson","Bangkok","Bang Khen","Sai Mai","Nawamin Rd","10220"
